{
"e2.py!main": [1462568014.434919, "5 ln", "Text", "-", 122], 
"e2RCTboxer.py!main": [1462568014.447008, "716 ln", "Text", "-", 29593], 
"e2_real.py!main": [1462568014.458736, "75 ln", "Text", "-", 2559], 
"e2align2d.py!main": [1462568014.470725, "105 ln", "Text", "-", 4858], 
"e2align3d.py!main": [1462568014.482683, "209 ln", "Text", "-", 9894], 
"e2basis.py!main": [1462568014.494853, "329 ln", "Text", "-", 12071], 
"e2bdb.py!main": [1462568014.508029, "573 ln", "Text", "-", 21016], 
"e2boxadjust.py!main": [1462568014.521428, "146 ln", "Text", "-", 5710], 
"e2boxer.py!main": [1462568014.536602, "3361 ln", "Text", "-", 129344], 
"e2buildsets.py!main": [1462568014.549353, "210 ln", "Text", "-", 9870], 
"e2buildstacks.py!main": [1462568014.561188, "99 ln", "Text", "-", 4171], 
"e2classaverage.py!main": [1462568014.575422, "813 ln", "Text", "-", 37805], 
"e2classes_denovo.py!main": [1462568014.589915, "90 ln", "Text", "-", 4460], 
"e2classextract.py!main": [1462568014.603213, "321 ln", "Text", "-", 13277], 
"e2classify.py!main": [1462568014.615804, "223 ln", "Text", "-", 8499], 
"e2classifykmeans.py!main": [1462568014.63046, "265 ln", "Text", "-", 10840], 
"e2classifyligand.py!main": [1462568014.643216, "383 ln", "Text", "-", 16510], 
"e2classifytree.py!main": [1462568014.65748, "524 ln", "Text", "-", 17095], 
"e2classptcl.py!main": [1462568014.669842, "141 ln", "Text", "-", 4899], 
"e2classvsproj.py!main": [1462568014.682643, "166 ln", "Text", "-", 7618], 
"e2cmmtomrc.py!main": [1462568014.695712, "89 ln", "Text", "-", 3159], 
"e2cmpxplor.py!main": [1462568014.710525, "385 ln", "Text", "-", 13996], 
"e2ctf.py!main": [1462568014.723658, "2927 ln", "Text", "-", 113988], 
"e2ctf2eman1.py!main": [1462568014.737744, "656 ln", "Text", "-", 21773], 
"e2ctffind3util.py!main": [1462568014.750281, "209 ln", "Text", "-", 11554], 
"e2ctfsim.py!main": [1462568014.763291, "456 ln", "Text", "-", 15907], 
"e2ddd_movie.py!main": [1462568014.777056, "646 ln", "Text", "-", 24976], 
"e2ddd_particles.py!main": [1462568014.797382, "345 ln", "Text", "-", 15917], 
"e2display.py!main": [1462568014.813795, "284 ln", "Text", "-", 9487], 
"e2emx.py!main": [1462568014.826748, "586 ln", "Text", "-", 24863], 
"e2eotest.py!main": [1462568014.842326, "54 ln", "Text", "-", 2501], 
"e2euler_refine.py!main": [1462568014.854637, "221 ln", "Text", "-", 8060], 
"e2eulerxplor.py!main": [1462568014.867844, "767 ln", "Text", "-", 27777], 
"e2eulerxplor.pyc!main": [1462568014.881659, "-", "-", "-", 24041], 
"e2evalimage.py!main": [1462568014.895123, "1071 ln", "Text", "-", 38290], 
"e2evalparticles.py!main": [1462568014.908206, "551 ln", "Text", "-", 20569], 
"e2evalrefine.py!main": [1462568014.921103, "654 ln", "Text", "-", 27260], 
"e2extractsubparticles.py!main": [1462568014.934635, "241 ln", "Text", "-", 11172], 
"e2fhstat.py!main": [1462568014.949636, "246 ln", "Text", "-", 7976], 
"e2filtertool.py!main": [1462568014.962922, "933 ln", "Text", "-", 30806], 
"e2foldfitter.py!main": [1462568014.978451, "394 ln", "Text", "-", 14481], 
"e2fsc.py!main": [1462568014.991366, "231 ln", "Text", "-", 8622], 
"e2helixboxer.py!main": [1462568015.008408, "1527 ln", "Text", "-", 69911], 
"e2help.py!main": [1462568015.022267, "167 ln", "Text", "-", 6824], 
"e2history.py!main": [1462568015.03678, "253 ln", "Text", "-", 8558], 
"e2iminfo.py!main": [1462568015.049984, "166 ln", "Text", "-", 5937], 
"e2import.py!main": [1462568015.063234, "329 ln", "Text", "-", 16086], 
"e2initialmodel.py!main": [1462568015.078841, "337 ln", "Text", "-", 15429], 
"e2initialmodel_hisym.py!main": [1462568015.093614, "244 ln", "Text", "-", 10223], 
"e2make3d.py!main": [1462568015.106697, "555 ln", "Text", "-", 24894], 
"e2make3dpar.py!main": [1462568015.120747, "499 ln", "Text", "-", 22216], 
"e2match.py!main": [1462568015.135855, "582 ln", "Text", "-", 21541], 
"e2msa.py!main": [1462568015.150613, "268 ln", "Text", "-", 10437], 
"e2parallel.py!main": [1462568015.164211, "398 ln", "Text", "-", 13577], 
"e2pathwalker.py!main": [1462568015.179145, "1019 ln", "Text", "-", 25910], 
"e2pdb2em.py!main": [1462568015.192534, "258 ln", "Text", "-", 10220], 
"e2pdb2mrc.py!main": [1462568015.20918, "354 ln", "Text", "-", 12516], 
"e2pdbviewer.py!main": [1462568015.22444, "75 ln", "Text", "-", 2724], 
"e2plotEulers.py!main": [1462568015.239974, "103 ln", "Text", "-", 4825], 
"e2proc2d.py!main": [1462568015.255912, "1138 ln", "Text", "-", 38734], 
"e2proc2dmulti.py!main": [1462568015.271944, "306 ln", "Text", "-", 11668], 
"e2proc3d.py!main": [1462568015.288322, "803 ln", "Text", "-", 31365], 
"e2proclst.py!main": [1462568015.308681, "191 ln", "Text", "-", 7350], 
"e2procpdb.py!main": [1462568015.323488, "350 ln", "Text", "-", 12538], 
"e2procxml.py!main": [1462568015.336658, "129 ln", "Text", "-", 3651], 
"e2project3d.py!main": [1462568015.350925, "432 ln", "Text", "-", 15860], 
"e2projectmanager.py!main": [1462568015.365102, "2100 ln", "Text", "-", 72380], 
"e2projectupdate21.py!main": [1462568015.381063, "224 ln", "Text", "-", 8112], 
"e2ptcltrace.py!main": [1462568015.397222, "237 ln", "Text", "-", 9468], 
"e2ptclvsmap.py!main": [1462568015.412994, "193 ln", "Text", "-", 10453], 
"e2rawdata.py!main": [1462568015.428601, "189 ln", "Text", "-", 9664], 
"e2rct.py!main": [1462568015.442188, "264 ln", "Text", "-", 13491], 
"e2refine.py!main": [1462568015.456233, "36 ln", "Text", "-", 1763], 
"e2refine2d.py!main": [1462568015.471509, "428 ln", "Text", "-", 27261], 
"e2refine_easy.py!main": [1462568015.489412, "1097 ln", "Text", "-", 77727], 
"e2refine_postprocess.py!main": [1462568015.505864, "382 ln", "Text", "-", 19928], 
"e2refine_split.py!main": [1462568015.521571, "506 ln", "Text", "-", 21429], 
"e2refinefromfrealign.py!main": [1462568015.537425, "160 ln", "Text", "-", 5698], 
"e2refinemulti.py!main": [1462568015.553917, "784 ln", "Text", "-", 52717], 
"e2refinemultinoali.py!main": [1462568015.568941, "307 ln", "Text", "-", 12390], 
"e2refinetofrealign.py!main": [1462568015.585057, "370 ln", "Text", "-", 15072], 
"e2refinetorelion2d.py!main": [1462568015.601215, "419 ln", "Text", "-", 20776], 
"e2refinetorelion3d.py!main": [1462568015.61938, "461 ln", "Text", "-", 24296], 
"e2refinevariance.py!main": [1462568015.635852, "378 ln", "Text", "-", 18909], 
"e2reliontoeman.py!main": [1462568015.653852, "142 ln", "Text", "-", 6806], 
"e2runfrealign.py!main": [1462568015.66988, "52 ln", "Text", "-", 1906], 
"e2runresmap.py!main": [1462568015.686756, "109 ln", "Text", "-", 5547], 
"e2scannereval.py!main": [1462568015.705105, "116 ln", "Text", "-", 4371], 
"e2segment3d.py!main": [1462568015.724904, "222 ln", "Text", "-", 9075], 
"e2seq2pdb.py!main": [1462568015.739153, "120 ln", "Text", "-", 3677], 
"e2simmx.py!main": [1462568015.756365, "964 ln", "Text", "-", 35948], 
"e2simmx2stage.py!main": [1462568015.772709, "235 ln", "Text", "-", 11634], 
"e2simmxxplor.py!main": [1462568015.791042, "488 ln", "Text", "-", 17197], 
"e2skelpath.py!main": [1462568015.81378, "268 ln", "Text", "-", 10029], 
"e2speedtest.py!main": [1462568015.829507, "333 ln", "Text", "-", 11824], 
"e2spt_align.py!main": [1462568015.845741, "123 ln", "Text", "-", 5443], 
"e2spt_autoboxer.py!main": [1462568015.86276, "2589 ln", "Text", "-", 88997], 
"e2spt_average.py!main": [1462568015.879353, "111 ln", "Text", "-", 4780], 
"e2spt_binarytree.py!main": [1462568015.895903, "625 ln", "Text", "-", 36247], 
"e2spt_boxer.py!main": [1462568015.912431, "2174 ln", "Text", "-", 76524], 
"e2spt_classaverage.py!main": [1462568015.928653, "4617 ln", "Text", "-", 178899], 
"e2spt_ctf.py!main": [1462568015.944849, "2793 ln", "Text", "-", 93020], 
"e2spt_fftamp.py!main": [1462568015.959697, "74 ln", "Text", "-", 2588], 
"e2spt_hac.py!main": [1462568015.975961, "1688 ln", "Text", "-", 77241], 
"e2spt_intrafsc.py!main": [1462568015.992199, "370 ln", "Text", "-", 12366], 
"e2spt_isr.py!main": [1462568016.008292, "1175 ln", "Text", "-", 38184],